Name,Description,Skills,Status,Tags,Thumbnail,Type
RK3568 small tablet with AMOLED screen,"This is a small tablet computer based on the Rockchip RK3568 processor. It can run Android and Linux systems. It is equipped with a 3.92-inch 1080x1240 resolution touch AMOLED display screen, built-in WiFi and Bluetooth module, 2G running memory, built-in 64 GB eMMC, can be connected to an external TF card, and is powered by a TYPE-C port.","EasyEDA, Android",Completed,"Embedded Systems, Hardware Design, Prototyping",Innovative%20Product%20Development/My%20Projects/RK3568%20small%20tablet%20with%20AMOLED%20screen/920129874b97484982e46e9685c867b8.jpg,Project
Nordic SoC Bluetooth-Cellular Gateway,This is a gateway to transfer real-time data from BLE mesh sensors to the AWS server.,"Altium Designer, Zephyr, AWS IoT Core, SolidWorks",Completed,"Cloud Integration, Firmware Development, Hardware Design, Production-Ready, Prototyping",Innovative%20Product%20Development/My%20Projects/Nordic%20SoC%20Bluetooth-Cellular%20Gateway/GearTrak_01_BLK.jpg,Project
ZYNQ7020 Core & RF Modules,"ZYNQ7020 core board, 170MSPS ADC, 210MSPS DAC, 1.6GSPS 16-bit DAC, 9GHz PLL, 500MSPS 12-bit ADC, etc.","EasyEDA, Vivado",Completed,"Firmware Development, Hardware Design, Production-Ready, Prototyping",Innovative%20Product%20Development/My%20Projects/ZYNQ7020%20Core%20&%20RF%20Modules/Zynq7020_Core.png,Project
ESP32-S3 based UVC & Ballast Monitoring System,ESP32-S3 based UVC Sensor and UVC lamps & Ballasts Monitoring Sensor,"ESP-IDF, Flutter, AWS",Completed,"Cloud Integration, Firmware Development, Hardware Design, Mobile Development, Prototyping",Innovative%20Product%20Development/My%20Projects/ESP32-S3%20based%20UVC%20&%20Ballast%20Monitoring%20System/ConfluenceAI_UVC_monitor.png,Project
Outdoor Air Quality Monitoring System,Revolutionizing Air Quality Monitoring with cutting-edge technology for better accuracy and reliability with seamless connectivity and comprehensive data access.,"ESP-IDF, Altium Designer, LoRa/LoRaWAN, 4G/LTE, React Native, Node.JS, AWS",Completed,"Cloud Integration, Firmware Development, Hardware Design, Mobile Development, Production-Ready",Innovative%20Product%20Development/My%20Projects/Outdoor%20Air%20Quality%20Monitoring%20System/Prana_Air_Monitor_example.png,Project
3-Phase Power Monitoring Sensor,"A custom 3-phase power monitoring sensor designed for accurate power quality analysis and fault detection. The device combines advanced analog front-end components with a low-power wireless microcontroller, ensuring reliable measurement, data logging, and cloud connectivity over a gateway.","Altium Designer, Zephyr, Bluetooth Mesh",Completed,"Firmware Development, Hardware Design, Prototyping",Innovative%20Product%20Development/My%20Projects/3-Phase%20Power%20Monitoring%20Sensor/PowerPod.png,Project
Multifunctional Atmosphere Light - ESP32-C3,"This project showcases a multifunctional atmosphere light built around the ESP32-C3, combining rich RGB lighting effects with audio playback in a sleek cylindrical form factor. The device demonstrates my capability to integrate custom electronics, embedded firmware, and enclosure design into a unified product.","Altium Designer, ESP-IDF, SolidWorks, 3D-Printing",Completed,"Firmware Development, Hardware Design, Mobile Development, Production-Ready, Prototyping",Innovative%20Product%20Development/My%20Projects/Multifunctional%20Atmosphere%20Light%20-%20ESP32-C3/cover.jpg,Project
Bionic Quadruped Robot Dog,This project aims to independently develop a high-performance robot dog capable of free movement in three-dimensional space.,"Jetson Orin NX-ROS2, STM32H750, Lidar-based Slam, depth camera, Xiaomi Motor",Completed,"Embedded Systems, Firmware Development, Hardware Design, Prototyping, Robotics",Innovative%20Product%20Development/My%20Projects/Bionic%20Quadruped%20Robot%20Dog/RoboticDog.jpg,Project
RV1106 AI Camera,This is a RV1106-based AI camera.,"PCB Design, Embedded Linux, LVGL",Completed,"Embedded Systems, Hardware Design, Prototyping",Innovative%20Product%20Development/My%20Projects/RV1106%20AI%20Camera/cover.png,Project
CAN Network Vehicle Terminal,"This CAN network in-vehicle terminal, based on the STM32 and Quectel EC20, supports customizable CAN data decoding scripts and firmware upgrades via CAN and OTA. It features offline data storage, GPS vehicle positioning, MQTT communication, and access to the AWS IoT platform.","Altium Designer, STM32Cube, LTE, GNSS, CAN-Bus, MQTT, Prototyping ",Completed,"Cloud Integration, Firmware Development, Hardware Design, Production-Ready, Prototyping",Innovative%20Product%20Development/My%20Projects/CAN%20Network%20Vehicle%20Terminal/cover.png,Project
SmartWatch Development,"The smartwatch includes Calendar, Calculator, Stopwatch, NFC, Bluetooth, Heartrate detection, ambient temperature & humidity, compass, altitude measurement, and etc.","STM32F411, FreeRTOS, LVGL, NFC,",Completed,"Firmware Development, Hardware Design, Production-Ready, Prototyping",Innovative%20Product%20Development/My%20Projects/SmartWatch%20Development/ddf1a086b35f4ca1a899baa657901bbb.jpg,Project
"i.MX7-based Washing Management Controller ","The device (ASM-1000) is a control box for a wash management system that has fully isolated inputs for connection to devices such as coin and token acceptors or wash start signals.
","PCB Design, Altium Designer, Toradex Yocto System, AWS integration",Completed,"Cloud Integration, Embedded Systems, Hardware Design, Prototyping",Innovative%20Product%20Development/My%20Projects/i%20MX7-based%20Washing%20Management%20Controller/ASM-1000_Front_Rear-removebg-preview.png,Project
EchoEar - ESP32S3-Based AI Pet,"EchoEar is an intelligent AI development kit developed by Espressif and the Firestar Engine Button Large Model Team. It is suitable for voice interaction products such as toys, smart speakers, and smart central control systems that require large model support.","ESP32S3, ESP-IDF, PCB Design, EasyEDA, AI integration, Enclosure design, 3D printing",Completed,"Cloud Integration, Firmware Development, Hardware Design, Production-Ready, Prototyping",Innovative%20Product%20Development/My%20Projects/EchoEar%20-%20ESP32S3-Based%20AI%20Pet/EchoEar.png,Project
Indoor Farm AI-Powered Monitoring System,"EcoSense is an intelligent crop monitoring system that puts the focus of farming on plants. Combining cutting-edge multispectral imaging technology with data on growing conditions, EcoSense leverages AI to optimize your farm and improve profits.",,WIP,"Cloud Integration, Embedded Systems, Hardware Design, Mobile Development, Prototyping, Web Development",Innovative%20Product%20Development/My%20Projects/Indoor%20Farm%20AI-Powered%20Monitoring%20System/Ecobloom.png,Project
Autopilot Flight Controller,"This project is an autopilot based on ArduPilot firmware, which can be used in: multi-rotor, fixed-wing, helicopter, vertical take-off, unmanned vehicle, unmanned ship, submarine.","PCB Design, Electronics, Prototyping, Validation",Completed,"Hardware Design, Production-Ready, Prototyping",Innovative%20Product%20Development/My%20Projects/Autopilot%20Flight%20Controller/autopilot.jpg,Project
RK3566 Custom Development Board,A Linux development board modified based on the Taishan School schematic diagram. The PCB is directly compatible with the cat screen and is designed according to the planned mobile phone structure.,"RK3566, PCB Design, Embedded Linux, 6-layer PCB, LDDR4, EMMC Storage",Completed,"Embedded Systems, Hardware Design, Production-Ready, Prototyping",Innovative%20Product%20Development/My%20Projects/RK3566%20Custom%20Development%20Board/f757f194b2ff422c9121f6f13c46d9ae.jpg,Project
ESP32-S3 LVGL Touch Screen,This project is to develop a touch screen based on the ESP32-S3. The device used Arduino and LVGL libraries to implement touch screens.,"Arduino, ESP32, LVGL, Firmware Development, Graphic Design, Touch Design, PlatformIO, ",Completed,"Arduino, Embedded Systems, Firmware Development, Prototyping",Innovative%20Product%20Development/My%20Projects/ESP32-S3%20LVGL%20Touch%20Screen/esp32-portrait-screen.webp,Project
Raspberry Pi Sauna Controller,"The Sauna Controller System is a commercial-grade smart control platform developed using the Raspberry Pi CM4 with a custom-designed carrier board and a Flask-based kiosk application for real-time sauna temperature control, status monitoring, and user interaction through a touchscreen interface.","Raspberry Pi, Electronic Design, Embedded Systems, PCB Design, Internet of Things, Flask, Python, Kiosk",Completed,"Cloud Integration, Embedded Systems, Hardware Design, Production-Ready, Prototyping",Innovative%20Product%20Development/My%20Projects/Raspberry%20Pi%20Sauna%20Controller/Sauna_IoT_System.png,Project
Medical Vibration Gloves,"A wearable neurostimulation glove system powered by the nRF5340 BLE platform, designed to generate programmable vibration stimulation profiles using PWM waveform arrays for Parkinson’s therapy research.","nRF5340, RTOS, Zephyr, PWM, Bluetooth LE, Firmware Development, PCB Design, Prototyping",Completed,"Firmware Development, Hardware Design",Innovative%20Product%20Development/My%20Projects/Medical%20Vibration%20Gloves/gloves-1.webp,Project